"FullName","Size_MB"
"C:\Users\Unitech\Downloads\TCERP-NewVersion\TCERP-NewVersion\public\images\banner\icons\bg-server.png","8.07"
"C:\Users\Unitech\Downloads\TCERP-NewVersion\TCERP-NewVersion\public\images\about-us\office-bg.png","7.06"
"C:\Users\Unitech\Downloads\TCERP-NewVersion\TCERP-NewVersion\public\images\contact-us.jpg","3.66"
"C:\Users\Unitech\Downloads\TCERP-NewVersion\TCERP-NewVersion\public\images\shape\worldmap2.png","3"
"C:\Users\Unitech\Downloads\TCERP-NewVersion\TCERP-NewVersion\public\images\shape\world map.png","2.97"
"C:\Users\Unitech\Downloads\TCERP-NewVersion\TCERP-NewVersion\public\images\book-a-demo-img.jpg","2.49"
"C:\Users\Unitech\Downloads\TCERP-NewVersion\TCERP-NewVersion\public\images\img\page-header-img.png","1.63"
"C:\Users\Unitech\Downloads\TCERP-NewVersion\TCERP-NewVersion\public\images\shape\globe_blue.png","1.61"
"C:\Users\Unitech\Downloads\TCERP-NewVersion\TCERP-NewVersion\public\images\faq\faq-img-21.png","1.58"
"C:\Users\Unitech\Downloads\TCERP-NewVersion\TCERP-NewVersion\public\images\modules\crm\module-1.webp","1.35"
"C:\Users\Unitech\Downloads\TCERP-NewVersion\TCERP-NewVersion\public\images\modules\crm\module-2.webp","1.14"
"C:\Users\Unitech\Downloads\TCERP-NewVersion\TCERP-NewVersion\public\images\modules\crm\module-3.webp","1.13"
"C:\Users\Unitech\Downloads\TCERP-NewVersion\TCERP-NewVersion\public\images\banner\hero2-bg.png","1"
"C:\Users\Unitech\Downloads\TCERP-NewVersion\TCERP-NewVersion\public\images\banner\banner-bg-img.png","0.95"
"C:\Users\Unitech\Downloads\TCERP-NewVersion\TCERP-NewVersion\public\images\modules\jobwork\module-3.webp","0.95"
"C:\Users\Unitech\Downloads\TCERP-NewVersion\TCERP-NewVersion\public\images\modules\projectmanage.webp","0.91"
"C:\Users\Unitech\Downloads\TCERP-NewVersion\TCERP-NewVersion\public\images\features\feature-img-2.png","0.76"
"C:\Users\Unitech\Downloads\TCERP-NewVersion\TCERP-NewVersion\public\images\banner\agriculture_banner_img1.webp","0.74"
"C:\Users\Unitech\Downloads\TCERP-NewVersion\TCERP-NewVersion\public\images\banner\automotive_banner_img.webp","0.68"
"C:\Users\Unitech\Downloads\TCERP-NewVersion\TCERP-NewVersion\public\images\contact\dubai.webp","0.66"
"C:\Users\Unitech\Downloads\TCERP-NewVersion\TCERP-NewVersion\public\images\shape\globe4_blue.png","0.66"
"C:\Users\Unitech\Downloads\TCERP-NewVersion\TCERP-NewVersion\public\images\shape\globe3_blue.png","0.63"
"C:\Users\Unitech\Downloads\TCERP-NewVersion\TCERP-NewVersion\public\images\banner\paper_banner_img.webp","0.61"
"C:\Users\Unitech\Downloads\TCERP-NewVersion\TCERP-NewVersion\public\images\modules\designmanage.webp","0.57"
"C:\Users\Unitech\Downloads\TCERP-NewVersion\TCERP-NewVersion\public\images\img\counter-img654654.webp","0.56"
"C:\Users\Unitech\Downloads\TCERP-NewVersion\TCERP-NewVersion\public\images\banner\01-01.png","0.55"
"C:\Users\Unitech\Downloads\TCERP-NewVersion\TCERP-NewVersion\public\images\img\counter-img2.webp","0.55"
"C:\Users\Unitech\Downloads\TCERP-NewVersion\TCERP-NewVersion\public\images\banner\cardbg.webp","0.5"
"C:\Users\Unitech\Downloads\TCERP-NewVersion\TCERP-NewVersion\public\images\servicescards\Mobileappdevelopment.png","0.48"
"C:\Users\Unitech\Downloads\TCERP-NewVersion\TCERP-NewVersion\public\images\about-us\about-img.png","0.44"
"C:\Users\Unitech\Downloads\TCERP-NewVersion\TCERP-NewVersion\public\images\img\counter-img1.webp","0.44"
"C:\Users\Unitech\Downloads\TCERP-NewVersion\TCERP-NewVersion\public\images\img\404_error.jpg","0.43"
"C:\Users\Unitech\Downloads\TCERP-NewVersion\TCERP-NewVersion\public\images\modules\plantmaintenance.webp","0.43"
"C:\Users\Unitech\Downloads\TCERP-NewVersion\TCERP-NewVersion\public\images\modules\apps.png","0.39"
"C:\Users\Unitech\Downloads\TCERP-NewVersion\TCERP-NewVersion\public\images\img\message-img.jpg","0.37"
"C:\Users\Unitech\Downloads\TCERP-NewVersion\TCERP-NewVersion\public\images\resource\Brochure.webp","0.37"
"C:\Users\Unitech\Downloads\TCERP-NewVersion\TCERP-NewVersion\public\images\servicescards\book-1.webp","0.37"
"C:\Users\Unitech\Downloads\TCERP-NewVersion\TCERP-NewVersion\public\images\contact\brazil.webp","0.37"
"C:\Users\Unitech\Downloads\TCERP-NewVersion\TCERP-NewVersion\public\images\banner\banner-img-1.webp","0.33"
"C:\Users\Unitech\Downloads\TCERP-NewVersion\TCERP-NewVersion\public\images\modules\video-thumbnail.png","0.33"
"C:\Users\Unitech\Downloads\TCERP-NewVersion\TCERP-NewVersion\public\images\contact\bahrain.webp","0.32"
"C:\Users\Unitech\Downloads\TCERP-NewVersion\TCERP-NewVersion\public\images\img\534313434.jpg","0.29"
"C:\Users\Unitech\Downloads\TCERP-NewVersion\TCERP-NewVersion\public\images\contact\abudhabi.webp","0.28"
"C:\Users\Unitech\Downloads\TCERP-NewVersion\TCERP-NewVersion\public\images\servicescards\ecommerce-development1.jpg","0.27"
"C:\Users\Unitech\Downloads\TCERP-NewVersion\TCERP-NewVersion\public\images\modules\sales\module-2.webp","0.26"
"C:\Users\Unitech\Downloads\TCERP-NewVersion\TCERP-NewVersion\public\images\banner\chemical_banner_img.webp","0.26"
"C:\Users\Unitech\Downloads\TCERP-NewVersion\TCERP-NewVersion\public\images\industries\chemical_banner_img1.webp","0.26"
"C:\Users\Unitech\Downloads\TCERP-NewVersion\TCERP-NewVersion\public\images\about-us\001.webp","0.25"
"C:\Users\Unitech\Downloads\TCERP-NewVersion\TCERP-NewVersion\public\images\banner\apparel-banner_img.webp","0.24"
"C:\Users\Unitech\Downloads\TCERP-NewVersion\TCERP-NewVersion\public\images\modules\inventory\module-2.webp","0.24"
"C:\Users\Unitech\Downloads\TCERP-NewVersion\TCERP-NewVersion\public\images\modules\production\module-3.webp","0.23"
"C:\Users\Unitech\Downloads\TCERP-NewVersion\TCERP-NewVersion\public\images\about-us\why_tech_cloud_erp_img1.webp","0.23"
"C:\Users\Unitech\Downloads\TCERP-NewVersion\TCERP-NewVersion\public\images\industries\default-card-image.png","0.23"
"C:\Users\Unitech\Downloads\TCERP-NewVersion\TCERP-NewVersion\public\images\bi\business-thumb.png","0.23"
"C:\Users\Unitech\Downloads\TCERP-NewVersion\TCERP-NewVersion\public\images\modules\installation\Installation_1.webp","0.22"
"C:\Users\Unitech\Downloads\TCERP-NewVersion\TCERP-NewVersion\public\images\about-us\shape.png","0.22"
"C:\Users\Unitech\Downloads\TCERP-NewVersion\TCERP-NewVersion\public\images\banner\packaging_banner_img.webp","0.21"
"C:\Users\Unitech\Downloads\TCERP-NewVersion\TCERP-NewVersion\public\images\modules\export.webp","0.2"
"C:\Users\Unitech\Downloads\TCERP-NewVersion\TCERP-NewVersion\public\images\contact\berlin.webp","0.2"
"C:\Users\Unitech\Downloads\TCERP-NewVersion\TCERP-NewVersion\public\images\india-map22.jpg","0.2"
"C:\Users\Unitech\Downloads\TCERP-NewVersion\TCERP-NewVersion\public\images\modules\fixedassets\module-3.webp","0.2"
"C:\Users\Unitech\Downloads\TCERP-NewVersion\TCERP-NewVersion\public\images\contact\sharjah.webp","0.2"
"C:\Users\Unitech\Downloads\TCERP-NewVersion\TCERP-NewVersion\public\images\modules\imports\imports&exports1.webp","0.19"
"C:\Users\Unitech\Downloads\TCERP-NewVersion\TCERP-NewVersion\public\images\modules\imports\imports&exports2.webp","0.19"
"C:\Users\Unitech\Downloads\TCERP-NewVersion\TCERP-NewVersion\public\images\modules\service\Services-1.webp","0.19"
"C:\Users\Unitech\Downloads\TCERP-NewVersion\TCERP-NewVersion\public\images\modules\production\module-1.webp","0.19"
"C:\Users\Unitech\Downloads\TCERP-NewVersion\TCERP-NewVersion\public\images\modules\project\module-2.webp","0.19"
"C:\Users\Unitech\Downloads\TCERP-NewVersion\TCERP-NewVersion\public\images\modules\hrms\module-1.webp","0.19"
"C:\Users\Unitech\Downloads\TCERP-NewVersion\TCERP-NewVersion\public\images\modules\inventory.webp","0.19"
"C:\Users\Unitech\Downloads\TCERP-NewVersion\TCERP-NewVersion\public\images\contact\oman.webp","0.19"
"C:\Users\Unitech\Downloads\TCERP-NewVersion\TCERP-NewVersion\public\images\modules\inventory\module-1.webp","0.19"
"C:\Users\Unitech\Downloads\TCERP-NewVersion\TCERP-NewVersion\public\images\modules\installation\Installation_2.webp","0.19"
"C:\Users\Unitech\Downloads\TCERP-NewVersion\TCERP-NewVersion\public\images\modules\imports\imports&exports3.webp","0.19"
"C:\Users\Unitech\Downloads\TCERP-NewVersion\TCERP-NewVersion\public\images\modules\fixedassets\module-2.webp","0.18"
"C:\Users\Unitech\Downloads\TCERP-NewVersion\TCERP-NewVersion\public\images\modules\project\module-1.webp","0.18"
"C:\Users\Unitech\Downloads\TCERP-NewVersion\TCERP-NewVersion\public\images\modules\hrms\module-2.webp","0.18"
"C:\Users\Unitech\Downloads\TCERP-NewVersion\TCERP-NewVersion\public\images\modules\finance&accounting\module-2.webp","0.18"
"C:\Users\Unitech\Downloads\TCERP-NewVersion\TCERP-NewVersion\public\images\modules\finance&accounting\module-1.webp","0.18"
"C:\Users\Unitech\Downloads\TCERP-NewVersion\TCERP-NewVersion\public\images\contact\qatar.webp","0.18"
"C:\Users\Unitech\Downloads\TCERP-NewVersion\TCERP-NewVersion\public\images\modules\inventory\module-3.webp","0.18"
"C:\Users\Unitech\Downloads\TCERP-NewVersion\TCERP-NewVersion\public\images\modules\purchase\module-3.webp","0.18"
"C:\Users\Unitech\Downloads\TCERP-NewVersion\TCERP-NewVersion\public\images\modules\qa&qc\module-1.webp","0.18"
"C:\Users\Unitech\Downloads\TCERP-NewVersion\TCERP-NewVersion\public\images\features\feature-img-25654.png","0.17"
"C:\Users\Unitech\Downloads\TCERP-NewVersion\TCERP-NewVersion\public\images\modules\jobwork\module-2.webp","0.17"
"C:\Users\Unitech\Downloads\TCERP-NewVersion\TCERP-NewVersion\public\images\modules\finance&accounting\module-3.webp","0.17"
"C:\Users\Unitech\Downloads\TCERP-NewVersion\TCERP-NewVersion\public\images\contact\bangalore.webp","0.17"
"C:\Users\Unitech\Downloads\TCERP-NewVersion\TCERP-NewVersion\public\images\contact\delhi.webp","0.17"
"C:\Users\Unitech\Downloads\TCERP-NewVersion\TCERP-NewVersion\public\images\modules\purchase\module-2.webp","0.17"
"C:\Users\Unitech\Downloads\TCERP-NewVersion\TCERP-NewVersion\public\images\modules\sales\module-1.webp","0.17"
"C:\Users\Unitech\Downloads\TCERP-NewVersion\TCERP-NewVersion\public\images\industries\wholesalers_banner_img.webp","0.17"
"C:\Users\Unitech\Downloads\TCERP-NewVersion\TCERP-NewVersion\public\images\modules\production\module-2.webp","0.17"
"C:\Users\Unitech\Downloads\TCERP-NewVersion\TCERP-NewVersion\public\images\banner\electronics_banner_img.webp","0.16"
"C:\Users\Unitech\Downloads\TCERP-NewVersion\TCERP-NewVersion\public\images\modules\pos.webp","0.16"
"C:\Users\Unitech\Downloads\TCERP-NewVersion\TCERP-NewVersion\public\images\banner\banner-bg-img.webp","0.16"
"C:\Users\Unitech\Downloads\TCERP-NewVersion\TCERP-NewVersion\public\images\services\web-app.webp","0.16"
"C:\Users\Unitech\Downloads\TCERP-NewVersion\TCERP-NewVersion\public\images\modules\plantmaintainence\module-2.webp","0.16"
"C:\Users\Unitech\Downloads\TCERP-NewVersion\TCERP-NewVersion\public\images\modules\sales\module-3.webp","0.15"
"C:\Users\Unitech\Downloads\TCERP-NewVersion\TCERP-NewVersion\public\images\about-us\about-img.webp","0.15"
"C:\Users\Unitech\Downloads\TCERP-NewVersion\TCERP-NewVersion\public\images\services\service-two-img5.png","0.15"
"C:\Users\Unitech\Downloads\TCERP-NewVersion\TCERP-NewVersion\public\images\services\audit.png","0.15"
"C:\Users\Unitech\Downloads\TCERP-NewVersion\TCERP-NewVersion\public\images\contact\ahmedabad.webp","0.15"
"C:\Users\Unitech\Downloads\TCERP-NewVersion\TCERP-NewVersion\public\images\modules\qa&qc\module-3.webp","0.15"
"C:\Users\Unitech\Downloads\TCERP-NewVersion\TCERP-NewVersion\public\images\modules\fixedassets\module-1.webp","0.15"
"C:\Users\Unitech\Downloads\TCERP-NewVersion\TCERP-NewVersion\public\images\banner\food_banner_img.webp","0.15"
"C:\Users\Unitech\Downloads\TCERP-NewVersion\TCERP-NewVersion\public\images\icons\audit.png","0.15"
"C:\Users\Unitech\Downloads\TCERP-NewVersion\TCERP-NewVersion\public\images\industries\general_banner_img.webp","0.14"
"C:\Users\Unitech\Downloads\TCERP-NewVersion\TCERP-NewVersion\public\images\faq\faq-img-1.webp","0.14"
"C:\Users\Unitech\Downloads\TCERP-NewVersion\TCERP-NewVersion\public\images\modules\design\design-2.webp","0.14"
"C:\Users\Unitech\Downloads\TCERP-NewVersion\TCERP-NewVersion\public\images\contact\uae.webp","0.14"
"C:\Users\Unitech\Downloads\TCERP-NewVersion\TCERP-NewVersion\public\images\modules\qa&qc\module-2.webp","0.14"
"C:\Users\Unitech\Downloads\TCERP-NewVersion\TCERP-NewVersion\public\images\modules\jobwork\module-1.webp","0.14"
"C:\Users\Unitech\Downloads\TCERP-NewVersion\TCERP-NewVersion\public\images\banner\oilandgas_banner_img.webp","0.14"
"C:\Users\Unitech\Downloads\TCERP-NewVersion\TCERP-NewVersion\public\images\modules\purchase\module-1.webp","0.14"
"C:\Users\Unitech\Downloads\TCERP-NewVersion\TCERP-NewVersion\public\images\modules\service\Services-2.webp","0.14"
"C:\Users\Unitech\Downloads\TCERP-NewVersion\TCERP-NewVersion\public\images\modules\service\Services-3.webp","0.14"
"C:\Users\Unitech\Downloads\TCERP-NewVersion\TCERP-NewVersion\public\images\modules\project\module-3.webp","0.13"
"C:\Users\Unitech\Downloads\TCERP-NewVersion\TCERP-NewVersion\public\images\shape\worldmap2.webp","0.13"
"C:\Users\Unitech\Downloads\TCERP-NewVersion\TCERP-NewVersion\public\images\modules\plantmaintainence\module-3.webp","0.13"
"C:\Users\Unitech\Downloads\TCERP-NewVersion\TCERP-NewVersion\public\images\banner\icons\rocket1.png","0.13"
"C:\Users\Unitech\Downloads\TCERP-NewVersion\TCERP-NewVersion\public\images\icons\multiple.png","0.13"
"C:\Users\Unitech\Downloads\TCERP-NewVersion\TCERP-NewVersion\public\images\services\multiple.png","0.13"
"C:\Users\Unitech\Downloads\TCERP-NewVersion\TCERP-NewVersion\public\images\modules\installation.webp","0.13"
"C:\Users\Unitech\Downloads\TCERP-NewVersion\TCERP-NewVersion\public\images\modules\plantmaintainence\module-1.webp","0.13"
"C:\Users\Unitech\Downloads\TCERP-NewVersion\TCERP-NewVersion\public\images\modules\hrms\module-3.webp","0.13"
"C:\Users\Unitech\Downloads\TCERP-NewVersion\TCERP-NewVersion\public\images\contact\ajman.webp","0.13"
"C:\Users\Unitech\Downloads\TCERP-NewVersion\TCERP-NewVersion\public\images\banner\electrical-solar_banner_img.webp","0.13"
"C:\Users\Unitech\Downloads\TCERP-NewVersion\TCERP-NewVersion\public\images\modules\pos\POS-3.webp","0.12"
"C:\Users\Unitech\Downloads\TCERP-NewVersion\TCERP-NewVersion\public\images\contact\usa.webp","0.12"
"C:\Users\Unitech\Downloads\TCERP-NewVersion\TCERP-NewVersion\public\images\industry-icons\apparel-management.png","0.12"
"C:\Users\Unitech\Downloads\TCERP-NewVersion\TCERP-NewVersion\public\images\contact\kolkata.webp","0.12"
"C:\Users\Unitech\Downloads\TCERP-NewVersion\TCERP-NewVersion\public\images\contact\europe.webp","0.12"
"C:\Users\Unitech\Downloads\TCERP-NewVersion\TCERP-NewVersion\public\images\modules\pos\POS-1.webp","0.12"
"C:\Users\Unitech\Downloads\TCERP-NewVersion\TCERP-NewVersion\public\images\contact\coimbatore.webp","0.11"
"C:\Users\Unitech\Downloads\TCERP-NewVersion\TCERP-NewVersion\public\images\banner\fmcg_banner_img.webp","0.11"
"C:\Users\Unitech\Downloads\TCERP-NewVersion\TCERP-NewVersion\public\images\about-us\vision.png","0.11"
"C:\Users\Unitech\Downloads\TCERP-NewVersion\TCERP-NewVersion\public\images\about-us\mission.png","0.11"
"C:\Users\Unitech\Downloads\TCERP-NewVersion\TCERP-NewVersion\public\images\shape\banner-shape-2.webp","0.11"
"C:\Users\Unitech\Downloads\TCERP-NewVersion\TCERP-NewVersion\public\images\banner\agriculture_banner_img.webp","0.1"
"C:\Users\Unitech\Downloads\TCERP-NewVersion\TCERP-NewVersion\public\images\servicescards\ecommerce-development.webp","0.1"
"C:\Users\Unitech\Downloads\TCERP-NewVersion\TCERP-NewVersion\public\images\modules\design\design-1.webp","0.1"
"C:\Users\Unitech\Downloads\TCERP-NewVersion\TCERP-NewVersion\public\images\servicescards\about1.png","0.1"
"C:\Users\Unitech\Downloads\TCERP-NewVersion\TCERP-NewVersion\public\images\bi\box-card.png","0.09"
"C:\Users\Unitech\Downloads\TCERP-NewVersion\TCERP-NewVersion\public\images\servicescards\app-development.webp","0.09"
"C:\Users\Unitech\Downloads\TCERP-NewVersion\TCERP-NewVersion\public\images\industries\electricalandelectronics_banner_img.webp","0.09"
"C:\Users\Unitech\Downloads\TCERP-NewVersion\TCERP-NewVersion\public\images\banner\beverage_banner_img.webp","0.09"
"C:\Users\Unitech\Downloads\TCERP-NewVersion\TCERP-NewVersion\public\images\industries\chemical_banner_img.webp","0.09"
"C:\Users\Unitech\Downloads\TCERP-NewVersion\TCERP-NewVersion\public\images\industries\metal_fabrication_banner_img.webp","0.09"
"C:\Users\Unitech\Downloads\TCERP-NewVersion\TCERP-NewVersion\public\images\contact\kuwait.webp","0.08"
"C:\Users\Unitech\Downloads\TCERP-NewVersion\TCERP-NewVersion\public\images\industries\apparel-banner_img.webp","0.08"
"C:\Users\Unitech\Downloads\TCERP-NewVersion\TCERP-NewVersion\public\images\img\counter-img.webp","0.08"
"C:\Users\Unitech\Downloads\TCERP-NewVersion\TCERP-NewVersion\public\images\industries\grocery-banner-img.webp","0.08"
"C:\Users\Unitech\Downloads\TCERP-NewVersion\TCERP-NewVersion\public\images\industries\hardwareandbuilding_banner_img.webp","0.08"
"C:\Users\Unitech\Downloads\TCERP-NewVersion\TCERP-NewVersion\public\images\industries\textile_banner_img.webp","0.08"
"C:\Users\Unitech\Downloads\TCERP-NewVersion\TCERP-NewVersion\public\images\industries\construction_banner_img.webp","0.08"
"C:\Users\Unitech\Downloads\TCERP-NewVersion\TCERP-NewVersion\public\images\industries\signage_banner_img.webp","0.08"
"C:\Users\Unitech\Downloads\TCERP-NewVersion\TCERP-NewVersion\public\images\faq\faq-img-2.webp","0.08"
"C:\Users\Unitech\Downloads\TCERP-NewVersion\TCERP-NewVersion\public\images\features\feature-img-1.webp","0.08"
"C:\Users\Unitech\Downloads\TCERP-NewVersion\TCERP-NewVersion\public\images\modules\fixed.webp","0.08"
"C:\Users\Unitech\Downloads\TCERP-NewVersion\TCERP-NewVersion\public\images\about-us\why_tech_cloud_erp_img.webp","0.08"
"C:\Users\Unitech\Downloads\TCERP-NewVersion\TCERP-NewVersion\public\images\modules\pos\POS-2.webp","0.08"
"C:\Users\Unitech\Downloads\TCERP-NewVersion\TCERP-NewVersion\public\images\india-map2.png","0.07"
"C:\Users\Unitech\Downloads\TCERP-NewVersion\TCERP-NewVersion\public\images\modules\production.webp","0.07"
"C:\Users\Unitech\Downloads\TCERP-NewVersion\TCERP-NewVersion\public\images\industries\imports_exports_banner_img.webp","0.07"
"C:\Users\Unitech\Downloads\TCERP-NewVersion\TCERP-NewVersion\public\images\industries\solar_banner_img.webp","0.07"
"C:\Users\Unitech\Downloads\TCERP-NewVersion\TCERP-NewVersion\public\images\industries\oilandgas_banner_img.webp","0.07"
"C:\Users\Unitech\Downloads\TCERP-NewVersion\TCERP-NewVersion\public\images\industries\leather_banner_img.webp","0.07"
"C:\Users\Unitech\Downloads\TCERP-NewVersion\TCERP-NewVersion\public\images\banner\icons\mobile-version-01.webp","0.07"
"C:\Users\Unitech\Downloads\TCERP-NewVersion\TCERP-NewVersion\public\images\services\digital.webp","0.07"
"C:\Users\Unitech\Downloads\TCERP-NewVersion\TCERP-NewVersion\public\images\services\service-7.jpg","0.07"
"C:\Users\Unitech\Downloads\TCERP-NewVersion\TCERP-NewVersion\public\images\industries\fmcg_banner_img.webp","0.07"
"C:\Users\Unitech\Downloads\TCERP-NewVersion\TCERP-NewVersion\public\images\img\who-we-are.webp","0.07"
"C:\Users\Unitech\Downloads\TCERP-NewVersion\TCERP-NewVersion\public\images\industries\printing_banner_img.webp","0.06"
"C:\Users\Unitech\Downloads\TCERP-NewVersion\TCERP-NewVersion\public\images\services\service-8.jpg","0.06"
"C:\Users\Unitech\Downloads\TCERP-NewVersion\TCERP-NewVersion\public\images\industries\medical_equipment_banner_img.webp","0.06"
"C:\Users\Unitech\Downloads\TCERP-NewVersion\TCERP-NewVersion\public\images\modules\job-work.webp","0.06"
"C:\Users\Unitech\Downloads\TCERP-NewVersion\TCERP-NewVersion\public\images\industries\food_banner_img.webp","0.06"
"C:\Users\Unitech\Downloads\TCERP-NewVersion\TCERP-NewVersion\public\images\counter\counter-img.webp","0.06"
"C:\Users\Unitech\Downloads\TCERP-NewVersion\TCERP-NewVersion\public\images\servicescards\digital-marketing.webp","0.06"
"C:\Users\Unitech\Downloads\TCERP-NewVersion\TCERP-NewVersion\public\images\services\CustomizableSoftware.webp","0.06"
"C:\Users\Unitech\Downloads\TCERP-NewVersion\TCERP-NewVersion\public\images\services\all-services.webp","0.06"
"C:\Users\Unitech\Downloads\TCERP-NewVersion\TCERP-NewVersion\public\images\banner\icons\rocket2.webp","0.06"
"C:\Users\Unitech\Downloads\TCERP-NewVersion\TCERP-NewVersion\public\images\services\AuditTrail.webp","0.06"
"C:\Users\Unitech\Downloads\TCERP-NewVersion\TCERP-NewVersion\public\images\industries\retail_banner_img.webp","0.06"
"C:\Users\Unitech\Downloads\TCERP-NewVersion\TCERP-NewVersion\public\images\industries\wood_banner_img.webp","0.06"
"C:\Users\Unitech\Downloads\TCERP-NewVersion\TCERP-NewVersion\public\images\services\service-bg.png","0.06"
"C:\Users\Unitech\Downloads\TCERP-NewVersion\TCERP-NewVersion\public\images\industry-icons\book-3.webp","0.05"
"C:\Users\Unitech\Downloads\TCERP-NewVersion\TCERP-NewVersion\public\images\services\MultipleInventory.webp","0.05"
"C:\Users\Unitech\Downloads\TCERP-NewVersion\TCERP-NewVersion\public\images\services\DataAutoBackup.webp","0.05"
"C:\Users\Unitech\Downloads\TCERP-NewVersion\TCERP-NewVersion\public\images\about-us\vision.webp","0.05"
"C:\Users\Unitech\Downloads\TCERP-NewVersion\TCERP-NewVersion\public\images\industries\packaging_banner_img.webp","0.05"
"C:\Users\Unitech\Downloads\TCERP-NewVersion\TCERP-NewVersion\public\images\industries\automotive_banner_img.webp","0.05"
"C:\Users\Unitech\Downloads\TCERP-NewVersion\TCERP-NewVersion\public\images\industries\apparel-banner_img1.webp","0.05"
"C:\Users\Unitech\Downloads\TCERP-NewVersion\TCERP-NewVersion\public\images\industries\beverage_banner_img.webp","0.05"
"C:\Users\Unitech\Downloads\TCERP-NewVersion\TCERP-NewVersion\public\images\industry-icons\book-a-demo-img.webp","0.05"
"C:\Users\Unitech\Downloads\TCERP-NewVersion\TCERP-NewVersion\public\images\industries\agriculture_banner_img.webp","0.05"
"C:\Users\Unitech\Downloads\TCERP-NewVersion\TCERP-NewVersion\public\images\industries\microfinance_banner_img.webp","0.05"
"C:\Users\Unitech\Downloads\TCERP-NewVersion\TCERP-NewVersion\public\images\modules\widget-12.png","0.05"
"C:\Users\Unitech\Downloads\TCERP-NewVersion\TCERP-NewVersion\public\images\industries\rubber_banner_img.webp","0.05"
"C:\Users\Unitech\Downloads\TCERP-NewVersion\TCERP-NewVersion\public\images\industries\plastic_banner_img.webp","0.05"
"C:\Users\Unitech\Downloads\TCERP-NewVersion\TCERP-NewVersion\public\images\industries\paper_banner_img.webp","0.05"
"C:\Users\Unitech\Downloads\TCERP-NewVersion\TCERP-NewVersion\public\images\about-us\mission.webp","0.05"
"C:\Users\Unitech\Downloads\TCERP-NewVersion\TCERP-NewVersion\public\images\industries\restaurant_banner_img.webp","0.05"
"C:\Users\Unitech\Downloads\TCERP-NewVersion\TCERP-NewVersion\public\images\services\ChatBetweenUsers.webp","0.05"
"C:\Users\Unitech\Downloads\TCERP-NewVersion\TCERP-NewVersion\public\images\industries\hydraulic_banner_img.webp","0.05"
"C:\Users\Unitech\Downloads\TCERP-NewVersion\TCERP-NewVersion\public\images\resource\book-31.png","0.05"
"C:\Users\Unitech\Downloads\TCERP-NewVersion\TCERP-NewVersion\public\images\industries\telecom_banner_img.webp","0.05"
"C:\Users\Unitech\Downloads\TCERP-NewVersion\TCERP-NewVersion\public\images\banner\icons\rocket.webp","0.05"
"C:\Users\Unitech\Downloads\TCERP-NewVersion\TCERP-NewVersion\public\images\bi\line-card.png","0.05"
"C:\Users\Unitech\Downloads\TCERP-NewVersion\TCERP-NewVersion\public\images\about_2_img_1.jpg","0.05"
"C:\Users\Unitech\Downloads\TCERP-NewVersion\TCERP-NewVersion\public\images\contact\vizag.webp","0.05"
"C:\Users\Unitech\Downloads\TCERP-NewVersion\TCERP-NewVersion\public\images\resource\book-3.png","0.04"
"C:\Users\Unitech\Downloads\TCERP-NewVersion\TCERP-NewVersion\public\images\contact\chennai.webp","0.04"
"C:\Users\Unitech\Downloads\TCERP-NewVersion\TCERP-NewVersion\public\images\industries\furniture_banner_img.webp","0.04"
"C:\Users\Unitech\Downloads\TCERP-NewVersion\TCERP-NewVersion\public\images\banner\Chart31.webp","0.04"
"C:\Users\Unitech\Downloads\TCERP-NewVersion\TCERP-NewVersion\public\images\modules\crm\m1.webp","0.04"
"C:\Users\Unitech\Downloads\TCERP-NewVersion\TCERP-NewVersion\public\images\modules\crm\m2.webp","0.04"
"C:\Users\Unitech\Downloads\TCERP-NewVersion\TCERP-NewVersion\public\images\industries\steel_banner_img.webp","0.04"
"C:\Users\Unitech\Downloads\TCERP-NewVersion\TCERP-NewVersion\public\images\industries\wholesale_banner_img.webp","0.04"
"C:\Users\Unitech\Downloads\TCERP-NewVersion\TCERP-NewVersion\public\images\industries\jewellery_banner_img.webp","0.04"
"C:\Users\Unitech\Downloads\TCERP-NewVersion\TCERP-NewVersion\public\images\modules\Service.webp","0.04"
"C:\Users\Unitech\Downloads\TCERP-NewVersion\TCERP-NewVersion\public\images\services\e-commerce.webp","0.04"
"C:\Users\Unitech\Downloads\TCERP-NewVersion\TCERP-NewVersion\public\images\about-us\about3-bg.png","0.04"
"C:\Users\Unitech\Downloads\TCERP-NewVersion\TCERP-NewVersion\public\images\industries\casting-banner-img.webp","0.04"
"C:\Users\Unitech\Downloads\TCERP-NewVersion\TCERP-NewVersion\public\images\services\PayAsYouGo.webp","0.04"
"C:\Users\Unitech\Downloads\TCERP-NewVersion\TCERP-NewVersion\public\images\industry-icons\apparel-analytics.png","0.03"
"C:\Users\Unitech\Downloads\TCERP-NewVersion\TCERP-NewVersion\public\images\industries\preengineering_banner_img.webp","0.03"
"C:\Users\Unitech\Downloads\TCERP-NewVersion\TCERP-NewVersion\public\images\servicescards\1web-development.webp","0.03"
"C:\Users\Unitech\Downloads\TCERP-NewVersion\TCERP-NewVersion\public\images\industries\pharmaceutical_banner_img.webp","0.03"
"C:\Users\Unitech\Downloads\TCERP-NewVersion\TCERP-NewVersion\public\images\img\counter-img6465.webp","0.03"
"C:\Users\Unitech\Downloads\TCERP-NewVersion\TCERP-NewVersion\public\images\services\UnlimitedUsers.webp","0.03"
"C:\Users\Unitech\Downloads\TCERP-NewVersion\TCERP-NewVersion\public\images\modules\home-four-feature-02.png","0.03"
"C:\Users\Unitech\Downloads\TCERP-NewVersion\TCERP-NewVersion\public\images\services\Mobile&Tab.webp","0.03"
"C:\Users\Unitech\Downloads\TCERP-NewVersion\TCERP-NewVersion\public\images\services\mobile-app.webp","0.03"
"C:\Users\Unitech\Downloads\TCERP-NewVersion\TCERP-NewVersion\public\images\services\WebBased.webp","0.03"
"C:\Users\Unitech\Downloads\TCERP-NewVersion\TCERP-NewVersion\public\images\modules\crm\m3.webp","0.03"
"C:\Users\Unitech\Downloads\TCERP-NewVersion\TCERP-NewVersion\public\images\modules\home-four-feature-03.png","0.03"
"C:\Users\Unitech\Downloads\TCERP-NewVersion\TCERP-NewVersion\public\images\servicescards\web-development1.webp","0.03"
"C:\Users\Unitech\Downloads\TCERP-NewVersion\TCERP-NewVersion\public\images\industries\garment_banner_img.webp","0.03"
"C:\Users\Unitech\Downloads\TCERP-NewVersion\TCERP-NewVersion\public\images\contact\hyderabad.webp","0.03"
"C:\Users\Unitech\Downloads\TCERP-NewVersion\TCERP-NewVersion\public\images\modules\home-four-feature-01.png","0.03"
"C:\Users\Unitech\Downloads\TCERP-NewVersion\TCERP-NewVersion\public\images\services\databackup.webp","0.03"
"C:\Users\Unitech\Downloads\TCERP-NewVersion\TCERP-NewVersion\public\images\modules\qualityassurance.webp","0.03"
"C:\Users\Unitech\Downloads\TCERP-NewVersion\TCERP-NewVersion\public\images\industries\logistics-banner_img.webp","0.03"
"C:\Users\Unitech\Downloads\TCERP-NewVersion\TCERP-NewVersion\public\images\img\3DIcon.webp","0.03"
"C:\Users\Unitech\Downloads\TCERP-NewVersion\TCERP-NewVersion\public\images\contact\mumbai.webp","0.03"
"C:\Users\Unitech\Downloads\TCERP-NewVersion\TCERP-NewVersion\public\images\industries\educational_banner_img.webp","0.03"
"C:\Users\Unitech\Downloads\TCERP-NewVersion\TCERP-NewVersion\public\images\banner\Banner_bg.webp","0.02"
"C:\Users\Unitech\Downloads\TCERP-NewVersion\TCERP-NewVersion\public\images\modules\purchase.webp","0.02"
"C:\Users\Unitech\Downloads\TCERP-NewVersion\TCERP-NewVersion\public\images\services\Email&Whatsapp.webp","0.02"
"C:\Users\Unitech\Downloads\TCERP-NewVersion\TCERP-NewVersion\public\images\modules\qualitycontrol.webp","0.02"
"C:\Users\Unitech\Downloads\TCERP-NewVersion\TCERP-NewVersion\public\images\banner\banner-img-2.png","0.02"
"C:\Users\Unitech\Downloads\TCERP-NewVersion\TCERP-NewVersion\public\images\services\DynamicDashboards.webp","0.02"
"C:\Users\Unitech\Downloads\TCERP-NewVersion\TCERP-NewVersion\public\images\industry-icons\apparel-management2.png","0.02"
"C:\Users\Unitech\Downloads\TCERP-NewVersion\TCERP-NewVersion\public\images\servicescards\web-development.webp","0.02"
"C:\Users\Unitech\Downloads\TCERP-NewVersion\TCERP-NewVersion\public\images\shape\shape-24.png","0.02"
"C:\Users\Unitech\Downloads\TCERP-NewVersion\TCERP-NewVersion\public\images\Banner_bg.webp","0.02"
"C:\Users\Unitech\Downloads\TCERP-NewVersion\TCERP-NewVersion\public\images\industries\electronics_banner_img.webp","0.02"
"C:\Users\Unitech\Downloads\TCERP-NewVersion\TCERP-NewVersion\public\images\contact\kochin.webp","0.02"
"C:\Users\Unitech\Downloads\TCERP-NewVersion\TCERP-NewVersion\public\images\download\brochure-download.png","0.02"
"C:\Users\Unitech\Downloads\TCERP-NewVersion\TCERP-NewVersion\public\images\industries\publishing_banner_img.webp","0.02"
"C:\Users\Unitech\Downloads\TCERP-NewVersion\TCERP-NewVersion\public\images\modules\banner-shot.png","0.02"
"C:\Users\Unitech\Downloads\TCERP-NewVersion\TCERP-NewVersion\public\images\modules\essential-feature-2.webp","0.02"
"C:\Users\Unitech\Downloads\TCERP-NewVersion\TCERP-NewVersion\public\images\servicescards\app-development1.webp","0.02"
"C:\Users\Unitech\Downloads\TCERP-NewVersion\TCERP-NewVersion\public\images\icons\Project Management.png","0.01"
"C:\Users\Unitech\Downloads\TCERP-NewVersion\TCERP-NewVersion\public\images\icons\qa.png","0.01"
"C:\Users\Unitech\Downloads\TCERP-NewVersion\TCERP-NewVersion\public\images\icons\Purchase.png","0.01"
"C:\Users\Unitech\Downloads\TCERP-NewVersion\TCERP-NewVersion\public\images\banner\Chart4.webp","0.01"
"C:\Users\Unitech\Downloads\TCERP-NewVersion\TCERP-NewVersion\public\images\icons\pos.png","0.01"
"C:\Users\Unitech\Downloads\TCERP-NewVersion\TCERP-NewVersion\public\images\about-us\01.png","0.01"
"C:\Users\Unitech\Downloads\TCERP-NewVersion\TCERP-NewVersion\public\images\icons\Production.png","0.01"
"C:\Users\Unitech\Downloads\TCERP-NewVersion\TCERP-NewVersion\public\images\icons\Sales.png","0.01"
"C:\Users\Unitech\Downloads\TCERP-NewVersion\TCERP-NewVersion\public\images\modules\finance.webp","0.01"
"C:\Users\Unitech\Downloads\TCERP-NewVersion\TCERP-NewVersion\public\images\about_2_img_2.jpg","0.01"
"C:\Users\Unitech\Downloads\TCERP-NewVersion\TCERP-NewVersion\public\images\modules\customisable.webp","0.01"
"C:\Users\Unitech\Downloads\TCERP-NewVersion\TCERP-NewVersion\public\images\icons\Fixed Assets.png","0.01"
"C:\Users\Unitech\Downloads\TCERP-NewVersion\TCERP-NewVersion\public\images\icons\qc.png","0.01"
"C:\Users\Unitech\Downloads\TCERP-NewVersion\TCERP-NewVersion\public\images\modules\essential-feature-1.webp","0.01"
"C:\Users\Unitech\Downloads\TCERP-NewVersion\TCERP-NewVersion\public\images\modules\hrm.webp","0.01"
"C:\Users\Unitech\Downloads\TCERP-NewVersion\TCERP-NewVersion\public\images\features\feature-img-21.webp","0.01"
"C:\Users\Unitech\Downloads\TCERP-NewVersion\TCERP-NewVersion\public\images\icons\HRM.png","0.01"
"C:\Users\Unitech\Downloads\TCERP-NewVersion\TCERP-NewVersion\public\images\features\feature-img-2.webp","0.01"
"C:\Users\Unitech\Downloads\TCERP-NewVersion\TCERP-NewVersion\public\images\icons\import_and_export.png","0.01"
"C:\Users\Unitech\Downloads\TCERP-NewVersion\TCERP-NewVersion\public\images\banner\icons\icon4.png","0.01"
"C:\Users\Unitech\Downloads\TCERP-NewVersion\TCERP-NewVersion\public\images\banner\icons\icon2.png","0.01"
"C:\Users\Unitech\Downloads\TCERP-NewVersion\TCERP-NewVersion\public\images\icons\Finance.png","0.01"
"C:\Users\Unitech\Downloads\TCERP-NewVersion\TCERP-NewVersion\public\images\icons\crm.png","0.01"
"C:\Users\Unitech\Downloads\TCERP-NewVersion\TCERP-NewVersion\public\images\icons\Design.png","0.01"
"C:\Users\Unitech\Downloads\TCERP-NewVersion\TCERP-NewVersion\public\images\cta\cta-bg.webp","0.01"
"C:\Users\Unitech\Downloads\TCERP-NewVersion\TCERP-NewVersion\public\images\modules\projectmanage1.webp","0.01"
"C:\Users\Unitech\Downloads\TCERP-NewVersion\TCERP-NewVersion\public\images\banner\icons\icon3.png","0.01"
"C:\Users\Unitech\Downloads\TCERP-NewVersion\TCERP-NewVersion\public\images\modules\sales.webp","0.01"
"C:\Users\Unitech\Downloads\TCERP-NewVersion\TCERP-NewVersion\public\images\banner\Chart2.webp","0.01"
"C:\Users\Unitech\Downloads\TCERP-NewVersion\TCERP-NewVersion\public\images\banner\icons\icon1.png","0.01"
"C:\Users\Unitech\Downloads\TCERP-NewVersion\TCERP-NewVersion\public\images\icons\inventory.png","0.01"
"C:\Users\Unitech\Downloads\TCERP-NewVersion\TCERP-NewVersion\public\images\banner\Chart1.webp","0.01"
"C:\Users\Unitech\Downloads\TCERP-NewVersion\TCERP-NewVersion\public\images\icons\Plant Maintenance.png","0.01"
"C:\Users\Unitech\Downloads\TCERP-NewVersion\TCERP-NewVersion\public\images\icons\Job Work.png","0.01"
"C:\Users\Unitech\Downloads\TCERP-NewVersion\TCERP-NewVersion\public\images\banner\icons\icon5.png","0.01"
"C:\Users\Unitech\Downloads\TCERP-NewVersion\TCERP-NewVersion\public\images\img\message-img.png","0.01"
"C:\Users\Unitech\Downloads\TCERP-NewVersion\TCERP-NewVersion\public\images\services\ser-thumb.webp","0.01"
"C:\Users\Unitech\Downloads\TCERP-NewVersion\TCERP-NewVersion\public\images\img\message-img1.png","0.01"
"C:\Users\Unitech\Downloads\TCERP-NewVersion\TCERP-NewVersion\public\images\industry-icons\automotive-quality.png","0.01"
"C:\Users\Unitech\Downloads\TCERP-NewVersion\TCERP-NewVersion\public\images\services\unlimited.webp","0.01"
"C:\Users\Unitech\Downloads\TCERP-NewVersion\TCERP-NewVersion\public\images\servicescards\dot-grp1.png","0.01"
"C:\Users\Unitech\Downloads\TCERP-NewVersion\TCERP-NewVersion\public\images\img\video-banner-img.png","0.01"
"C:\Users\Unitech\Downloads\TCERP-NewVersion\TCERP-NewVersion\public\images\services\ser-box-bg.png","0.01"
"C:\Users\Unitech\Downloads\TCERP-NewVersion\TCERP-NewVersion\public\images\banner\icons\icon6.png","0.01"
"C:\Users\Unitech\Downloads\TCERP-NewVersion\TCERP-NewVersion\public\images\servicescards\CMSDevelopment.png","0"
"C:\Users\Unitech\Downloads\TCERP-NewVersion\TCERP-NewVersion\public\images\servicescards\CloudIntegration.png","0"
"C:\Users\Unitech\Downloads\TCERP-NewVersion\TCERP-NewVersion\public\images\about-us\Flexible Pricing.png","0"
"C:\Users\Unitech\Downloads\TCERP-NewVersion\TCERP-NewVersion\public\images\servicescards\Automation.png","0"
"C:\Users\Unitech\Downloads\TCERP-NewVersion\TCERP-NewVersion\public\images\servicescards\APIDevelopment.png","0"
"C:\Users\Unitech\Downloads\TCERP-NewVersion\TCERP-NewVersion\public\images\servicescards\UXDesign.png","0"
"C:\Users\Unitech\Downloads\TCERP-NewVersion\TCERP-NewVersion\public\images\servicescards\white\WebAnalytics-white.png","0"
"C:\Users\Unitech\Downloads\TCERP-NewVersion\TCERP-NewVersion\public\images\servicescards\white\UXDesign-white.png","0"
"C:\Users\Unitech\Downloads\TCERP-NewVersion\TCERP-NewVersion\public\images\servicescards\Analytics&Reporting.png","0"
"C:\Users\Unitech\Downloads\TCERP-NewVersion\TCERP-NewVersion\public\images\servicescards\white\SocialMediaMarketing-white.png","0"
"C:\Users\Unitech\Downloads\TCERP-NewVersion\TCERP-NewVersion\public\images\servicescards\start-green564.png","0"
"C:\Users\Unitech\Downloads\TCERP-NewVersion\TCERP-NewVersion\public\images\servicescards\Ideation&Planning.png","0"
"C:\Users\Unitech\Downloads\TCERP-NewVersion\TCERP-NewVersion\public\images\servicescards\EmailMarketing.png","0"
"C:\Users\Unitech\Downloads\TCERP-NewVersion\TCERP-NewVersion\public\images\about-us\Customization.png","0"
"C:\Users\Unitech\Downloads\TCERP-NewVersion\TCERP-NewVersion\public\images\servicescards\white\ConversionRateOptimization-white.png","0"
"C:\Users\Unitech\Downloads\TCERP-NewVersion\TCERP-NewVersion\public\images\servicescards\white\Design&Prototyping-white.png","0"
"C:\Users\Unitech\Downloads\TCERP-NewVersion\TCERP-NewVersion\public\images\servicescards\LaunchEngagement.png","0"
"C:\Users\Unitech\Downloads\TCERP-NewVersion\TCERP-NewVersion\public\images\servicescards\Design&Prototyping.png","0"
"C:\Users\Unitech\Downloads\TCERP-NewVersion\TCERP-NewVersion\public\images\servicescards\ConversionRateOptimization.png","0"
"C:\Users\Unitech\Downloads\TCERP-NewVersion\TCERP-NewVersion\public\images\servicescards\ContentMarketing.png","0"
"C:\Users\Unitech\Downloads\TCERP-NewVersion\TCERP-NewVersion\public\images\servicescards\Development&Integration1.png","0"
"C:\Users\Unitech\Downloads\TCERP-NewVersion\TCERP-NewVersion\public\images\servicescards\Development&Integration.png","0"
"C:\Users\Unitech\Downloads\TCERP-NewVersion\TCERP-NewVersion\public\images\servicescards\start-green1.png","0"
"C:\Users\Unitech\Downloads\TCERP-NewVersion\TCERP-NewVersion\public\images\servicescards\white\SearchFunction-white.png","0"
"C:\Users\Unitech\Downloads\TCERP-NewVersion\TCERP-NewVersion\public\images\about_2_shape.png","0"
"C:\Users\Unitech\Downloads\TCERP-NewVersion\TCERP-NewVersion\public\images\servicescards\white\LaunchSupport-white.png","0"
"C:\Users\Unitech\Downloads\TCERP-NewVersion\TCERP-NewVersion\public\images\category_bg.png","0"
"C:\Users\Unitech\Downloads\TCERP-NewVersion\TCERP-NewVersion\public\images\servicescards\white\LeadGeneration-white.png","0"
"C:\Users\Unitech\Downloads\TCERP-NewVersion\TCERP-NewVersion\public\images\about_2_icon_3.jpg","0"
"C:\Users\Unitech\Downloads\TCERP-NewVersion\TCERP-NewVersion\public\images\about_2_icon_4.jpg","0"
"C:\Users\Unitech\Downloads\TCERP-NewVersion\TCERP-NewVersion\public\images\servicescards\white\Marketingdatavisualization-white.png","0"
"C:\Users\Unitech\Downloads\TCERP-NewVersion\TCERP-NewVersion\public\images\servicescards\white\Development&Integration-white.png","0"
"C:\Users\Unitech\Downloads\TCERP-NewVersion\TCERP-NewVersion\public\images\about-us\Secure & Reliable.png","0"
"C:\Users\Unitech\Downloads\TCERP-NewVersion\TCERP-NewVersion\public\images\servicescards\white\Development&Integration1-white.png","0"
"C:\Users\Unitech\Downloads\TCERP-NewVersion\TCERP-NewVersion\public\images\servicescards\white\EmailMarketing-white.png","0"
"C:\Users\Unitech\Downloads\TCERP-NewVersion\TCERP-NewVersion\public\images\servicescards\white\LaunchEngagement-white.png","0"
"C:\Users\Unitech\Downloads\TCERP-NewVersion\TCERP-NewVersion\public\images\industry-icons\jewellery-quality.png","0"
"C:\Users\Unitech\Downloads\TCERP-NewVersion\TCERP-NewVersion\public\images\servicescards\white\Ideation&Planning-white.png","0"
"C:\Users\Unitech\Downloads\TCERP-NewVersion\TCERP-NewVersion\public\images\about-us\Accessibility.png","0"
"C:\Users\Unitech\Downloads\TCERP-NewVersion\TCERP-NewVersion\public\images\about-us\aboutThumb1_1.png","0"
"C:\Users\Unitech\Downloads\TCERP-NewVersion\TCERP-NewVersion\public\images\servicescards\white\Planning&Research-white.png","0"
"C:\Users\Unitech\Downloads\TCERP-NewVersion\TCERP-NewVersion\public\images\about-us\Amazing Support.png","0"
"C:\Users\Unitech\Downloads\TCERP-NewVersion\TCERP-NewVersion\public\images\servicescards\white\SearchEngineOptimization-white.png","0"
"C:\Users\Unitech\Downloads\TCERP-NewVersion\TCERP-NewVersion\public\images\servicescards\start-green.png","0"
"C:\Users\Unitech\Downloads\TCERP-NewVersion\TCERP-NewVersion\public\images\servicescards\WebAnalytics.png","0"
"C:\Users\Unitech\Downloads\TCERP-NewVersion\TCERP-NewVersion\public\images\testimonial\testimonial-img-3.png","0"
"C:\Users\Unitech\Downloads\TCERP-NewVersion\TCERP-NewVersion\public\images\about_2_icon_1.jpg","0"
"C:\Users\Unitech\Downloads\TCERP-NewVersion\TCERP-NewVersion\public\images\about_2_icon_2.jpg","0"
"C:\Users\Unitech\Downloads\TCERP-NewVersion\TCERP-NewVersion\public\images\testimonial\testimonial-img-2.png","0"
"C:\Users\Unitech\Downloads\TCERP-NewVersion\TCERP-NewVersion\public\images\about-us\about4.png","0"
"C:\Users\Unitech\Downloads\TCERP-NewVersion\TCERP-NewVersion\public\images\servicescards\white\Pay-Per-Click-white.png","0"
"C:\Users\Unitech\Downloads\TCERP-NewVersion\TCERP-NewVersion\public\images\testimonial\testimonial-img-1.png","0"
"C:\Users\Unitech\Downloads\TCERP-NewVersion\TCERP-NewVersion\public\images\servicescards\white\ContentMarketing-white.png","0"
"C:\Users\Unitech\Downloads\TCERP-NewVersion\TCERP-NewVersion\public\images\service-icons\se-dev2.png","0"
"C:\Users\Unitech\Downloads\TCERP-NewVersion\TCERP-NewVersion\public\images\service-icons\se-dev1.png","0"
"C:\Users\Unitech\Downloads\TCERP-NewVersion\TCERP-NewVersion\public\images\services\service4.png","0"
"C:\Users\Unitech\Downloads\TCERP-NewVersion\TCERP-NewVersion\public\images\service-icons\se-dev3.png","0"
"C:\Users\Unitech\Downloads\TCERP-NewVersion\TCERP-NewVersion\public\images\service-icons\se-dev6.png","0"
"C:\Users\Unitech\Downloads\TCERP-NewVersion\TCERP-NewVersion\public\images\service-icons\se-dev5.png","0"
"C:\Users\Unitech\Downloads\TCERP-NewVersion\TCERP-NewVersion\public\images\service-icons\se-dev4.png","0"
"C:\Users\Unitech\Downloads\TCERP-NewVersion\TCERP-NewVersion\public\images\products\HRM.png","0"
"C:\Users\Unitech\Downloads\TCERP-NewVersion\TCERP-NewVersion\public\images\products\Finance.png","0"
"C:\Users\Unitech\Downloads\TCERP-NewVersion\TCERP-NewVersion\public\images\products\E_Commerce.png","0"
"C:\Users\Unitech\Downloads\TCERP-NewVersion\TCERP-NewVersion\public\images\products\POS.png","0"
"C:\Users\Unitech\Downloads\TCERP-NewVersion\TCERP-NewVersion\public\images\services\service5.webp","0"
"C:\Users\Unitech\Downloads\TCERP-NewVersion\TCERP-NewVersion\public\images\services\service6.png","0"
"C:\Users\Unitech\Downloads\TCERP-NewVersion\TCERP-NewVersion\public\images\products\Trading.png","0"
"C:\Users\Unitech\Downloads\TCERP-NewVersion\TCERP-NewVersion\public\images\services\ser-icon2.png","0"
"C:\Users\Unitech\Downloads\TCERP-NewVersion\TCERP-NewVersion\public\images\services\ser-icon3.png","0"
"C:\Users\Unitech\Downloads\TCERP-NewVersion\TCERP-NewVersion\public\images\services\ser-icon4.png","0"
"C:\Users\Unitech\Downloads\TCERP-NewVersion\TCERP-NewVersion\public\images\services\heaxagon.webp","0"
"C:\Users\Unitech\Downloads\TCERP-NewVersion\TCERP-NewVersion\public\images\servicescards\SearchFunction.png","0"
"C:\Users\Unitech\Downloads\TCERP-NewVersion\TCERP-NewVersion\public\images\servicescards\SocialMediaMarketing.png","0"
"C:\Users\Unitech\Downloads\TCERP-NewVersion\TCERP-NewVersion\public\images\services\ser-icon.png","0"
"C:\Users\Unitech\Downloads\TCERP-NewVersion\TCERP-NewVersion\public\images\services\service1.png","0"
"C:\Users\Unitech\Downloads\TCERP-NewVersion\TCERP-NewVersion\public\images\services\service2.png","0"
"C:\Users\Unitech\Downloads\TCERP-NewVersion\TCERP-NewVersion\public\images\services\service3.png","0"
"C:\Users\Unitech\Downloads\TCERP-NewVersion\TCERP-NewVersion\public\images\about-us\Cloud Servers.png","0"
"C:\Users\Unitech\Downloads\TCERP-NewVersion\TCERP-NewVersion\public\images\servicescards\SearchEngineOptimization.png","0"
"C:\Users\Unitech\Downloads\TCERP-NewVersion\TCERP-NewVersion\public\images\servicescards\Planning&Research.png","0"
"C:\Users\Unitech\Downloads\TCERP-NewVersion\TCERP-NewVersion\public\images\servicescards\Pay-Per-Click.png","0"
"C:\Users\Unitech\Downloads\TCERP-NewVersion\TCERP-NewVersion\public\images\products\ERP.png","0"
"C:\Users\Unitech\Downloads\TCERP-NewVersion\TCERP-NewVersion\public\images\services\stepArrow1.webp","0"
"C:\Users\Unitech\Downloads\TCERP-NewVersion\TCERP-NewVersion\public\images\about-us\Mobile Versions.png","0"
"C:\Users\Unitech\Downloads\TCERP-NewVersion\TCERP-NewVersion\public\images\services\stepArrow2.webp","0"
"C:\Users\Unitech\Downloads\TCERP-NewVersion\TCERP-NewVersion\public\images\services\speed.png","0"
"C:\Users\Unitech\Downloads\TCERP-NewVersion\TCERP-NewVersion\public\images\servicescards\Marketingdatavisualization.png","0"
"C:\Users\Unitech\Downloads\TCERP-NewVersion\TCERP-NewVersion\public\images\servicescards\LeadGeneration.png","0"
"C:\Users\Unitech\Downloads\TCERP-NewVersion\TCERP-NewVersion\public\images\services\service8.webp","0"
"C:\Users\Unitech\Downloads\TCERP-NewVersion\TCERP-NewVersion\public\images\servicescards\white\Automation-white.png","0"
"C:\Users\Unitech\Downloads\TCERP-NewVersion\TCERP-NewVersion\public\images\servicescards\white\CloudIntegration-white.png","0"
"C:\Users\Unitech\Downloads\TCERP-NewVersion\TCERP-NewVersion\public\images\servicescards\white\CMSDevelopment-white.png","0"
"C:\Users\Unitech\Downloads\TCERP-NewVersion\TCERP-NewVersion\public\images\servicescards\white\APIDevelopment-white.png","0"
"C:\Users\Unitech\Downloads\TCERP-NewVersion\TCERP-NewVersion\public\images\about-us\plugin marketplace.png","0"
"C:\Users\Unitech\Downloads\TCERP-NewVersion\TCERP-NewVersion\public\images\servicescards\LaunchSupport.png","0"
"C:\Users\Unitech\Downloads\TCERP-NewVersion\TCERP-NewVersion\public\images\servicescards\white\Analytics&Reporting-white.png","0"
"C:\Users\Unitech\Downloads\TCERP-NewVersion\TCERP-NewVersion\public\images\products\white\HRM_white.png","0"
"C:\Users\Unitech\Downloads\TCERP-NewVersion\TCERP-NewVersion\public\images\products\white\Finance_white.png","0"
"C:\Users\Unitech\Downloads\TCERP-NewVersion\TCERP-NewVersion\public\images\products\white\E_Commerce_white.png","0"
"C:\Users\Unitech\Downloads\TCERP-NewVersion\TCERP-NewVersion\public\images\products\white\POS_white.png","0"
"C:\Users\Unitech\Downloads\TCERP-NewVersion\TCERP-NewVersion\public\images\products\default_pdt.png","0"
"C:\Users\Unitech\Downloads\TCERP-NewVersion\TCERP-NewVersion\public\images\products\CRM.png","0"
"C:\Users\Unitech\Downloads\TCERP-NewVersion\TCERP-NewVersion\public\images\products\white\Trading_white.png","0"
"C:\Users\Unitech\Downloads\TCERP-NewVersion\TCERP-NewVersion\public\images\pricing\choose.png","0"
"C:\Users\Unitech\Downloads\TCERP-NewVersion\TCERP-NewVersion\public\images\services\service7.png","0"
"C:\Users\Unitech\Downloads\TCERP-NewVersion\TCERP-NewVersion\public\images\services\service8.png","0"
"C:\Users\Unitech\Downloads\TCERP-NewVersion\TCERP-NewVersion\public\images\pricing\live.png","0"
"C:\Users\Unitech\Downloads\TCERP-NewVersion\TCERP-NewVersion\public\images\products\white\ERP_white.png","0"
"C:\Users\Unitech\Downloads\TCERP-NewVersion\TCERP-NewVersion\public\images\products\white\CRM_white.png","0"
"C:\Users\Unitech\Downloads\TCERP-NewVersion\TCERP-NewVersion\public\images\pricing\setup.png","0"
"C:\Users\Unitech\Downloads\TCERP-NewVersion\TCERP-NewVersion\public\images\img\medical-equipment.webp","0"
"C:\Users\Unitech\Downloads\TCERP-NewVersion\TCERP-NewVersion\public\images\img\micro-learning.webp","0"
"C:\Users\Unitech\Downloads\TCERP-NewVersion\TCERP-NewVersion\public\images\img\logistics.webp","0"
"C:\Users\Unitech\Downloads\TCERP-NewVersion\TCERP-NewVersion\public\images\img\leather.webp","0"
"C:\Users\Unitech\Downloads\TCERP-NewVersion\TCERP-NewVersion\public\images\img\logistics (1).png","0"
"C:\Users\Unitech\Downloads\TCERP-NewVersion\TCERP-NewVersion\public\images\img\oil-gas.webp","0"
"C:\Users\Unitech\Downloads\TCERP-NewVersion\TCERP-NewVersion\public\images\img\plastic.webp","0"
"C:\Users\Unitech\Downloads\TCERP-NewVersion\TCERP-NewVersion\public\images\img\printer.webp","0"
"C:\Users\Unitech\Downloads\TCERP-NewVersion\TCERP-NewVersion\public\images\img\pharma.webp","0"
"C:\Users\Unitech\Downloads\TCERP-NewVersion\TCERP-NewVersion\public\images\img\packaging.webp","0"
"C:\Users\Unitech\Downloads\TCERP-NewVersion\TCERP-NewVersion\public\images\img\paper.webp","0"
"C:\Users\Unitech\Downloads\TCERP-NewVersion\TCERP-NewVersion\public\images\img\furniture.webp","0"
"C:\Users\Unitech\Downloads\TCERP-NewVersion\TCERP-NewVersion\public\images\img\garment.webp","0"
"C:\Users\Unitech\Downloads\TCERP-NewVersion\TCERP-NewVersion\public\images\img\food.webp","0"
"C:\Users\Unitech\Downloads\TCERP-NewVersion\TCERP-NewVersion\public\images\img\fabrication.webp","0"
"C:\Users\Unitech\Downloads\TCERP-NewVersion\TCERP-NewVersion\public\images\img\fmcg.webp","0"
"C:\Users\Unitech\Downloads\TCERP-NewVersion\TCERP-NewVersion\public\images\img\general_trading.webp","0"
"C:\Users\Unitech\Downloads\TCERP-NewVersion\TCERP-NewVersion\public\images\img\industry.png","0"
"C:\Users\Unitech\Downloads\TCERP-NewVersion\TCERP-NewVersion\public\images\img\jewellery.webp","0"
"C:\Users\Unitech\Downloads\TCERP-NewVersion\TCERP-NewVersion\public\images\img\imports_exports.webp","0"
"C:\Users\Unitech\Downloads\TCERP-NewVersion\TCERP-NewVersion\public\images\img\hardware_building_material_trading.webp","0"
"C:\Users\Unitech\Downloads\TCERP-NewVersion\TCERP-NewVersion\public\images\img\hydraulic.webp","0"
"C:\Users\Unitech\Downloads\TCERP-NewVersion\TCERP-NewVersion\public\images\industry-icons\other icons\other icons\Perishable-Inventory-Management.png","0"
"C:\Users\Unitech\Downloads\TCERP-NewVersion\TCERP-NewVersion\public\images\industry-icons\other icons\other icons\Retail-and-POS-Management.png","0"
"C:\Users\Unitech\Downloads\TCERP-NewVersion\TCERP-NewVersion\public\images\industry-icons\other icons\other icons\Multi-Currency-Trading.png","0"
"C:\Users\Unitech\Downloads\TCERP-NewVersion\TCERP-NewVersion\public\images\industry-icons\other icons\other icons\Inventory-and-Stock-Control.png","0"
"C:\Users\Unitech\Downloads\TCERP-NewVersion\TCERP-NewVersion\public\images\industry-icons\other icons\other icons\Logistics-and-Shipment-Management.png","0"
"C:\Users\Unitech\Downloads\TCERP-NewVersion\TCERP-NewVersion\public\images\industry-icons\other icons\other icons\Supplier-and-Procurement-Control.png","0"
"C:\Users\Unitech\Downloads\TCERP-NewVersion\TCERP-NewVersion\public\images\industry-icons\Analytics_&_Reporting.png","0"
"C:\Users\Unitech\Downloads\TCERP-NewVersion\TCERP-NewVersion\public\images\industry-icons\apparel_management.png","0"
"C:\Users\Unitech\Downloads\TCERP-NewVersion\TCERP-NewVersion\public\images\industry-icons\other icons\other icons\Trade-Compliance-and-Documentation.png","0"
"C:\Users\Unitech\Downloads\TCERP-NewVersion\TCERP-NewVersion\public\images\industry-icons\other icons\other icons\Supplier-and-Purchase-Management.png","0"
"C:\Users\Unitech\Downloads\TCERP-NewVersion\TCERP-NewVersion\public\images\industry-icons\other icons\other icons\Supply-Chain-Management.png","0"
"C:\Users\Unitech\Downloads\TCERP-NewVersion\TCERP-NewVersion\public\images\img\rubber.webp","0"
"C:\Users\Unitech\Downloads\TCERP-NewVersion\TCERP-NewVersion\public\images\img\signange_industry.png","0"
"C:\Users\Unitech\Downloads\TCERP-NewVersion\TCERP-NewVersion\public\images\img\retail.webp","0"
"C:\Users\Unitech\Downloads\TCERP-NewVersion\TCERP-NewVersion\public\images\img\publishing.webp","0"
"C:\Users\Unitech\Downloads\TCERP-NewVersion\TCERP-NewVersion\public\images\img\restaurant.webp","0"
"C:\Users\Unitech\Downloads\TCERP-NewVersion\TCERP-NewVersion\public\images\img\steel.webp","0"
"C:\Users\Unitech\Downloads\TCERP-NewVersion\TCERP-NewVersion\public\images\img\wood.webp","0"
"C:\Users\Unitech\Downloads\TCERP-NewVersion\TCERP-NewVersion\public\images\industry-icons\other icons\other icons\Comprehensive-Material-Management.png","0"
"C:\Users\Unitech\Downloads\TCERP-NewVersion\TCERP-NewVersion\public\images\img\wholesaler.webp","0"
"C:\Users\Unitech\Downloads\TCERP-NewVersion\TCERP-NewVersion\public\images\img\telecom.webp","0"
"C:\Users\Unitech\Downloads\TCERP-NewVersion\TCERP-NewVersion\public\images\img\textile.webp","0"
"C:\Users\Unitech\Downloads\TCERP-NewVersion\TCERP-NewVersion\public\images\img\engineer.webp","0"
"C:\Users\Unitech\Downloads\TCERP-NewVersion\TCERP-NewVersion\public\images\blog\blog-single-img-1.png","0"
"C:\Users\Unitech\Downloads\TCERP-NewVersion\TCERP-NewVersion\public\images\blog\blog-single-img-2.png","0"
"C:\Users\Unitech\Downloads\TCERP-NewVersion\TCERP-NewVersion\public\images\blog\blog-img-3.png","0"
"C:\Users\Unitech\Downloads\TCERP-NewVersion\TCERP-NewVersion\public\images\blog\blog-img-1.png","0"
"C:\Users\Unitech\Downloads\TCERP-NewVersion\TCERP-NewVersion\public\images\blog\blog-img-2.png","0"
"C:\Users\Unitech\Downloads\TCERP-NewVersion\TCERP-NewVersion\public\images\blog\blog-single-img-3.png","0"
"C:\Users\Unitech\Downloads\TCERP-NewVersion\TCERP-NewVersion\public\images\blog\case-details-img1.webp","0"
"C:\Users\Unitech\Downloads\TCERP-NewVersion\TCERP-NewVersion\public\images\blog\case-details-img2.webp","0"
"C:\Users\Unitech\Downloads\TCERP-NewVersion\TCERP-NewVersion\public\images\blog\blog-sm-img-3.png","0"
"C:\Users\Unitech\Downloads\TCERP-NewVersion\TCERP-NewVersion\public\images\blog\blog-sm-img-1.png","0"
"C:\Users\Unitech\Downloads\TCERP-NewVersion\TCERP-NewVersion\public\images\blog\blog-sm-img-2.png","0"
"C:\Users\Unitech\Downloads\TCERP-NewVersion\TCERP-NewVersion\public\images\blog\blog-2-img-2.png","0"
"C:\Users\Unitech\Downloads\TCERP-NewVersion\TCERP-NewVersion\public\images\blog\blog-2-img-3.png","0"
"C:\Users\Unitech\Downloads\TCERP-NewVersion\TCERP-NewVersion\public\images\blog\blog-2-img-1.png","0"
"C:\Users\Unitech\Downloads\TCERP-NewVersion\TCERP-NewVersion\public\images\bi\management.png","0"
"C:\Users\Unitech\Downloads\TCERP-NewVersion\TCERP-NewVersion\public\images\bi\team.png","0"
"C:\Users\Unitech\Downloads\TCERP-NewVersion\TCERP-NewVersion\public\images\blog\blog-2-img-4.png","0"
"C:\Users\Unitech\Downloads\TCERP-NewVersion\TCERP-NewVersion\public\images\blog\blog-details-inner-img-3.png","0"
"C:\Users\Unitech\Downloads\TCERP-NewVersion\TCERP-NewVersion\public\images\blog\blog-details-inner-img-4.png","0"
"C:\Users\Unitech\Downloads\TCERP-NewVersion\TCERP-NewVersion\public\images\blog\blog-details-inner-img-2.png","0"
"C:\Users\Unitech\Downloads\TCERP-NewVersion\TCERP-NewVersion\public\images\blog\blog-details-banner.png","0"
"C:\Users\Unitech\Downloads\TCERP-NewVersion\TCERP-NewVersion\public\images\blog\blog-details-inner-img-1.png","0"
"C:\Users\Unitech\Downloads\TCERP-NewVersion\TCERP-NewVersion\public\images\img\chemical.webp","0"
"C:\Users\Unitech\Downloads\TCERP-NewVersion\TCERP-NewVersion\public\images\img\construction.webp","0"
"C:\Users\Unitech\Downloads\TCERP-NewVersion\TCERP-NewVersion\public\images\img\casting_industry.png","0"
"C:\Users\Unitech\Downloads\TCERP-NewVersion\TCERP-NewVersion\public\images\img\automation.webp","0"
"C:\Users\Unitech\Downloads\TCERP-NewVersion\TCERP-NewVersion\public\images\img\beverage.webp","0"
"C:\Users\Unitech\Downloads\TCERP-NewVersion\TCERP-NewVersion\public\images\img\counter-image.png","0"
"C:\Users\Unitech\Downloads\TCERP-NewVersion\TCERP-NewVersion\public\images\img\electrical_electronics_trading.webp","0"
"C:\Users\Unitech\Downloads\TCERP-NewVersion\TCERP-NewVersion\public\images\img\electronics.webp","0"
"C:\Users\Unitech\Downloads\TCERP-NewVersion\TCERP-NewVersion\public\images\img\electric.webp","0"
"C:\Users\Unitech\Downloads\TCERP-NewVersion\TCERP-NewVersion\public\images\img\distribution (1).png","0"
"C:\Users\Unitech\Downloads\TCERP-NewVersion\TCERP-NewVersion\public\images\img\educational.webp","0"
"C:\Users\Unitech\Downloads\TCERP-NewVersion\TCERP-NewVersion\public\images\blog\details-3.jpg","0"
"C:\Users\Unitech\Downloads\TCERP-NewVersion\TCERP-NewVersion\public\images\blog\pp3.jpg","0"
"C:\Users\Unitech\Downloads\TCERP-NewVersion\TCERP-NewVersion\public\images\blog\details-2.jpg","0"
"C:\Users\Unitech\Downloads\TCERP-NewVersion\TCERP-NewVersion\public\images\blog\case-details-img3.webp","0"
"C:\Users\Unitech\Downloads\TCERP-NewVersion\TCERP-NewVersion\public\images\blog\details-1.jpg","0"
"C:\Users\Unitech\Downloads\TCERP-NewVersion\TCERP-NewVersion\public\images\banner\Chart3.webp","0"
"C:\Users\Unitech\Downloads\TCERP-NewVersion\TCERP-NewVersion\public\images\img\agriculture.webp","0"
"C:\Users\Unitech\Downloads\TCERP-NewVersion\TCERP-NewVersion\public\images\img\apparel.webp","0"
"C:\Users\Unitech\Downloads\TCERP-NewVersion\TCERP-NewVersion\public\images\icons\quote-icon.png","0"
"C:\Users\Unitech\Downloads\TCERP-NewVersion\TCERP-NewVersion\public\images\features\feature-img-1.png","0"
"C:\Users\Unitech\Downloads\TCERP-NewVersion\TCERP-NewVersion\public\images\features\feature-img-22.png","0"
"C:\Users\Unitech\Downloads\TCERP-NewVersion\TCERP-NewVersion\public\images\industry-icons\retail-customer.png","0"
"C:\Users\Unitech\Downloads\TCERP-NewVersion\TCERP-NewVersion\public\images\industry-icons\retail-operations.png","0"
"C:\Users\Unitech\Downloads\TCERP-NewVersion\TCERP-NewVersion\public\images\industry-icons\retail-and-pos-management.png","0"
"C:\Users\Unitech\Downloads\TCERP-NewVersion\TCERP-NewVersion\public\images\industry-icons\restaurant-inventory.png","0"
"C:\Users\Unitech\Downloads\TCERP-NewVersion\TCERP-NewVersion\public\images\industry-icons\restaurant-operations.png","0"
"C:\Users\Unitech\Downloads\TCERP-NewVersion\TCERP-NewVersion\public\images\industry-icons\rubber-production.png","0"
"C:\Users\Unitech\Downloads\TCERP-NewVersion\TCERP-NewVersion\public\images\industry-icons\signage-production.png","0"
"C:\Users\Unitech\Downloads\TCERP-NewVersion\TCERP-NewVersion\public\images\industry-icons\signage-project.png","0"
"C:\Users\Unitech\Downloads\TCERP-NewVersion\TCERP-NewVersion\public\images\industry-icons\safety_management.png","0"
"C:\Users\Unitech\Downloads\TCERP-NewVersion\TCERP-NewVersion\public\images\industry-icons\rubber-quality.png","0"
"C:\Users\Unitech\Downloads\TCERP-NewVersion\TCERP-NewVersion\public\images\industry-icons\safety_control.png","0"
"C:\Users\Unitech\Downloads\TCERP-NewVersion\TCERP-NewVersion\public\images\industry-icons\preengineering-fabrication.png","0"
"C:\Users\Unitech\Downloads\TCERP-NewVersion\TCERP-NewVersion\public\images\industry-icons\printing-production.png","0"
"C:\Users\Unitech\Downloads\TCERP-NewVersion\TCERP-NewVersion\public\images\industry-icons\preengineering-design.png","0"
"C:\Users\Unitech\Downloads\TCERP-NewVersion\TCERP-NewVersion\public\images\industry-icons\plastic-production.png","0"
"C:\Users\Unitech\Downloads\TCERP-NewVersion\TCERP-NewVersion\public\images\industry-icons\plastic-quality.png","0"
"C:\Users\Unitech\Downloads\TCERP-NewVersion\TCERP-NewVersion\public\images\industry-icons\printing-quality.png","0"
"C:\Users\Unitech\Downloads\TCERP-NewVersion\TCERP-NewVersion\public\images\industry-icons\publishing-digital.png","0"
"C:\Users\Unitech\Downloads\TCERP-NewVersion\TCERP-NewVersion\public\images\industry-icons\Quality_Compliance_control.png","0"
"C:\Users\Unitech\Downloads\TCERP-NewVersion\TCERP-NewVersion\public\images\industry-icons\publishing-content.png","0"
"C:\Users\Unitech\Downloads\TCERP-NewVersion\TCERP-NewVersion\public\images\industry-icons\production_analytics.png","0"
"C:\Users\Unitech\Downloads\TCERP-NewVersion\TCERP-NewVersion\public\images\industry-icons\project_control.png","0"
"C:\Users\Unitech\Downloads\TCERP-NewVersion\TCERP-NewVersion\public\images\industry-icons\wood-production.png","0"
"C:\Users\Unitech\Downloads\TCERP-NewVersion\TCERP-NewVersion\public\images\industry-icons\wood-quality.png","0"
"C:\Users\Unitech\Downloads\TCERP-NewVersion\TCERP-NewVersion\public\images\industry-icons\wholesale-operations.png","0"
"C:\Users\Unitech\Downloads\TCERP-NewVersion\TCERP-NewVersion\public\images\industry-icons\trade-compliance-and-documentation.png","0"
"C:\Users\Unitech\Downloads\TCERP-NewVersion\TCERP-NewVersion\public\images\industry-icons\wholesale-billing.png","0"
"C:\Users\Unitech\Downloads\TCERP-NewVersion\TCERP-NewVersion\public\images\logo\logo.webp","0"
"C:\Users\Unitech\Downloads\TCERP-NewVersion\TCERP-NewVersion\public\images\modules\crm.webp","0"
"C:\Users\Unitech\Downloads\TCERP-NewVersion\TCERP-NewVersion\public\images\about-us\speed.png","0"
"C:\Users\Unitech\Downloads\TCERP-NewVersion\TCERP-NewVersion\public\images\about-us\user-friendly.png","0"
"C:\Users\Unitech\Downloads\TCERP-NewVersion\TCERP-NewVersion\public\images\about-us\web-technologies.png","0"
"C:\Users\Unitech\Downloads\TCERP-NewVersion\TCERP-NewVersion\public\images\about-us\versatility.png","0"
"C:\Users\Unitech\Downloads\TCERP-NewVersion\TCERP-NewVersion\public\images\industry-icons\steel-quality.png","0"
"C:\Users\Unitech\Downloads\TCERP-NewVersion\TCERP-NewVersion\public\images\industry-icons\supplier-and-procurement-control.png","0"
"C:\Users\Unitech\Downloads\TCERP-NewVersion\TCERP-NewVersion\public\images\industry-icons\steel-production.png","0"
"C:\Users\Unitech\Downloads\TCERP-NewVersion\TCERP-NewVersion\public\images\industry-icons\solar-monitoring.png","0"
"C:\Users\Unitech\Downloads\TCERP-NewVersion\TCERP-NewVersion\public\images\industry-icons\solar-project.png","0"
"C:\Users\Unitech\Downloads\TCERP-NewVersion\TCERP-NewVersion\public\images\industry-icons\supplier-and-purchase-management.png","0"
"C:\Users\Unitech\Downloads\TCERP-NewVersion\TCERP-NewVersion\public\images\industry-icons\textile-production.png","0"
"C:\Users\Unitech\Downloads\TCERP-NewVersion\TCERP-NewVersion\public\images\industry-icons\textile-quality.png","0"
"C:\Users\Unitech\Downloads\TCERP-NewVersion\TCERP-NewVersion\public\images\industry-icons\telecom-operations.png","0"
"C:\Users\Unitech\Downloads\TCERP-NewVersion\TCERP-NewVersion\public\images\industry-icons\supply-chain-management.png","0"
"C:\Users\Unitech\Downloads\TCERP-NewVersion\TCERP-NewVersion\public\images\industry-icons\telecom-customer.png","0"
"C:\Users\Unitech\Downloads\TCERP-NewVersion\TCERP-NewVersion\public\images\industry-icons\pharma-quality.png","0"
"C:\Users\Unitech\Downloads\TCERP-NewVersion\TCERP-NewVersion\public\images\industry-icons\foundry_control.png","0"
"C:\Users\Unitech\Downloads\TCERP-NewVersion\TCERP-NewVersion\public\images\industry-icons\fur-Inventory.png","0"
"C:\Users\Unitech\Downloads\TCERP-NewVersion\TCERP-NewVersion\public\images\industry-icons\fmcg-production.png","0"
"C:\Users\Unitech\Downloads\TCERP-NewVersion\TCERP-NewVersion\public\images\industry-icons\Farm_Management.png","0"
"C:\Users\Unitech\Downloads\TCERP-NewVersion\TCERP-NewVersion\public\images\industry-icons\fmcg-distribution.png","0"
"C:\Users\Unitech\Downloads\TCERP-NewVersion\TCERP-NewVersion\public\images\industry-icons\furniture-design.png","0"
"C:\Users\Unitech\Downloads\TCERP-NewVersion\TCERP-NewVersion\public\images\industry-icons\hydraulic-quality.png","0"
"C:\Users\Unitech\Downloads\TCERP-NewVersion\TCERP-NewVersion\public\images\industry-icons\inventory-and-stock-control.png","0"
"C:\Users\Unitech\Downloads\TCERP-NewVersion\TCERP-NewVersion\public\images\industry-icons\hydraulic-production.png","0"
"C:\Users\Unitech\Downloads\TCERP-NewVersion\TCERP-NewVersion\public\images\industry-icons\garment-production.png","0"
"C:\Users\Unitech\Downloads\TCERP-NewVersion\TCERP-NewVersion\public\images\industry-icons\garment-quality.png","0"
"C:\Users\Unitech\Downloads\TCERP-NewVersion\TCERP-NewVersion\public\images\industry-icons\beverage-quality.png","0"
"C:\Users\Unitech\Downloads\TCERP-NewVersion\TCERP-NewVersion\public\images\industry-icons\chemical-process.png","0"
"C:\Users\Unitech\Downloads\TCERP-NewVersion\TCERP-NewVersion\public\images\industry-icons\beverage-production.png","0"
"C:\Users\Unitech\Downloads\TCERP-NewVersion\TCERP-NewVersion\public\images\industry-icons\automotive-production.png","0"
"C:\Users\Unitech\Downloads\TCERP-NewVersion\TCERP-NewVersion\public\images\industry-icons\batch_control.png","0"
"C:\Users\Unitech\Downloads\TCERP-NewVersion\TCERP-NewVersion\public\images\industry-icons\chemical-safety.png","0"
"C:\Users\Unitech\Downloads\TCERP-NewVersion\TCERP-NewVersion\public\images\industry-icons\electronics-production.png","0"
"C:\Users\Unitech\Downloads\TCERP-NewVersion\TCERP-NewVersion\public\images\industry-icons\electronics-quality.png","0"
"C:\Users\Unitech\Downloads\TCERP-NewVersion\TCERP-NewVersion\public\images\industry-icons\education-admin.png","0"
"C:\Users\Unitech\Downloads\TCERP-NewVersion\TCERP-NewVersion\public\images\industry-icons\comprehensive-material-management.png","0"
"C:\Users\Unitech\Downloads\TCERP-NewVersion\TCERP-NewVersion\public\images\industry-icons\education-academic.png","0"
"C:\Users\Unitech\Downloads\TCERP-NewVersion\TCERP-NewVersion\public\images\industry-icons\oilgas-operations.png","0"
"C:\Users\Unitech\Downloads\TCERP-NewVersion\TCERP-NewVersion\public\images\industry-icons\oilgas-safety.png","0"
"C:\Users\Unitech\Downloads\TCERP-NewVersion\TCERP-NewVersion\public\images\industry-icons\multi-currency-trading.png","0"
"C:\Users\Unitech\Downloads\TCERP-NewVersion\TCERP-NewVersion\public\images\industry-icons\microfinance-client.png","0"
"C:\Users\Unitech\Downloads\TCERP-NewVersion\TCERP-NewVersion\public\images\industry-icons\microfinance-operations.png","0"
"C:\Users\Unitech\Downloads\TCERP-NewVersion\TCERP-NewVersion\public\images\industry-icons\packaging-production.png","0"
"C:\Users\Unitech\Downloads\TCERP-NewVersion\TCERP-NewVersion\public\images\industry-icons\perishable-management.png","0"
"C:\Users\Unitech\Downloads\TCERP-NewVersion\TCERP-NewVersion\public\images\industry-icons\pharma-production.png","0"
"C:\Users\Unitech\Downloads\TCERP-NewVersion\TCERP-NewVersion\public\images\industry-icons\paper-quality.png","0"
"C:\Users\Unitech\Downloads\TCERP-NewVersion\TCERP-NewVersion\public\images\industry-icons\packaging-quality.png","0"
"C:\Users\Unitech\Downloads\TCERP-NewVersion\TCERP-NewVersion\public\images\industry-icons\paper-production.png","0"
"C:\Users\Unitech\Downloads\TCERP-NewVersion\TCERP-NewVersion\public\images\industry-icons\logistics-analytics.png","0"
"C:\Users\Unitech\Downloads\TCERP-NewVersion\TCERP-NewVersion\public\images\industry-icons\logistics-and-shipment-management.png","0"
"C:\Users\Unitech\Downloads\TCERP-NewVersion\TCERP-NewVersion\public\images\industry-icons\leather-quality.png","0"
"C:\Users\Unitech\Downloads\TCERP-NewVersion\TCERP-NewVersion\public\images\industry-icons\jewellery-production.png","0"
"C:\Users\Unitech\Downloads\TCERP-NewVersion\TCERP-NewVersion\public\images\industry-icons\leather-production.png","0"
"C:\Users\Unitech\Downloads\TCERP-NewVersion\TCERP-NewVersion\public\images\industry-icons\logistics-management.png","0"
"C:\Users\Unitech\Downloads\TCERP-NewVersion\TCERP-NewVersion\public\images\industry-icons\metal-production.png","0"
"C:\Users\Unitech\Downloads\TCERP-NewVersion\TCERP-NewVersion\public\images\industry-icons\metal-quality.png","0"
"C:\Users\Unitech\Downloads\TCERP-NewVersion\TCERP-NewVersion\public\images\industry-icons\medical-quality.png","0"
"C:\Users\Unitech\Downloads\TCERP-NewVersion\TCERP-NewVersion\public\images\industry-icons\material_flow.png","0"
"C:\Users\Unitech\Downloads\TCERP-NewVersion\TCERP-NewVersion\public\images\industry-icons\medical-production.png","0"
